{"Accuracy":{"0":0.9703557764,"1":0.9728076513,"2":0.9741435818,"3":0.9770422567,"4":0.9777115254,"5":0.9786022699,"6":0.9794935109,"7":0.9784912837,"8":0.98027389,"9":0.980385621,"10":0.9827261374,"11":0.9827253925,"12":0.9818350205,"13":0.9828377442,"14":0.9837291094,"15":0.9838394748,"16":0.9835071371,"17":0.9839519507,"18":0.984398254,"19":0.9839507092,"20":0.9845089919,"21":0.984174792,"22":0.9845093643,"23":0.9849540537,"24":0.984619978,"25":0.9854002329,"26":0.9856234466,"27":0.9859592604,"28":0.9857356742,"29":0.9861809844,"30":0.9855118398,"31":0.9859578948,"32":0.987406177,"33":0.987517908,"34":0.9875182804,"35":0.987072722,"36":0.987183584,"37":0.9869613634,"38":0.9880754457,"39":0.9879644596,"40":0.9881875492,"41":0.9880750733,"42":0.9887433489,"43":0.9880747009,"44":0.9887444662,"45":0.9886331076,"46":0.9888544592,"47":0.9891894039,"48":0.9897474383,"49":0.9888554523,"50":0.9890782936,"51":0.9891901488,"52":0.9878529769,"53":0.9897459485,"54":0.9891906454,"55":0.9891889073,"56":0.9893013832,"57":0.9887437213,"58":0.9890776729,"59":0.9897468175,"60":0.9887449628},"Precision":{"0":0.9887720745,"1":0.9896855138,"2":0.9899756,"3":0.9921271985,"4":0.9917046033,"5":0.9925917679,"6":0.9912928631,"7":0.991301091,"8":0.9920033498,"9":0.9919604594,"10":0.9924159594,"11":0.99392302,"12":0.9919876086,"13":0.9924290866,"14":0.9932766906,"15":0.9939273887,"16":0.9928842907,"17":0.9939393394,"18":0.9956496441,"19":0.9941620586,"20":0.9943749432,"21":0.9937286321,"22":0.9935054572,"23":0.9941569733,"24":0.9954473515,"25":0.9948159545,"26":0.9950321543,"27":0.995675584,"28":0.9941746215,"29":0.9948199711,"30":0.9941689081,"31":0.9950312726,"32":0.995476829,"33":0.9954719154,"34":0.9948265871,"35":0.9941973995,"36":0.9944014513,"37":0.9933444412,"38":0.9950466673,"39":0.995066432,"40":0.9944126043,"41":0.9941919767,"42":0.9959139127,"43":0.9948490173,"44":0.9941970829,"45":0.994210234,"46":0.9959337299,"47":0.995071039,"48":0.9952756838,"49":0.9939929687,"50":0.9950636027,"51":0.9944182479,"52":0.9940008459,"53":0.9948556266,"54":0.9950504275,"55":0.9940029698,"56":0.9948578166,"57":0.9933767022,"58":0.9952866089,"59":0.9954875094,"60":0.9948394549},"Recall":{"0":0.9542553191,"1":0.9580851064,"2":0.9604255319,"3":0.9638297872,"4":0.9655319149,"5":0.9663829787,"6":0.9693617021,"7":0.9674468085,"8":0.970212766,"9":0.9704255319,"10":0.9744680851,"11":0.9729787234,"12":0.9731914894,"13":0.9746808511,"14":0.9755319149,"15":0.975106383,"16":0.9755319149,"17":0.9753191489,"18":0.9744680851,"19":0.975106383,"20":0.9759574468,"21":0.9759574468,"22":0.9768085106,"23":0.9770212766,"24":0.975106383,"25":0.9772340426,"26":0.9774468085,"27":0.9774468085,"28":0.9785106383,"29":0.9787234043,"30":0.9780851064,"31":0.9780851064,"32":0.9804255319,"33":0.9806382979,"34":0.9812765957,"35":0.9810638298,"36":0.9810638298,"37":0.9817021277,"38":0.9821276596,"39":0.9819148936,"40":0.9829787234,"41":0.9829787234,"42":0.9825531915,"43":0.9823404255,"44":0.9842553191,"45":0.9840425532,"46":0.9827659574,"47":0.9842553191,"48":0.985106383,"49":0.9846808511,"50":0.9840425532,"51":0.984893617,"52":0.9827659574,"53":0.9855319149,"54":0.9842553191,"55":0.9853191489,"56":0.9846808511,"57":0.985106383,"58":0.9838297872,"59":0.984893617,"60":0.9836170213},"F1":{"0":0.9703304519,"1":0.9727818253,"2":0.9741166743,"3":0.9770187506,"4":0.9776865556,"5":0.9785781297,"6":0.9794671859,"7":0.9784651906,"8":0.9802483967,"9":0.9803602114,"10":0.9827016391,"11":0.9827035719,"12":0.9818094723,"13":0.9828128335,"14":0.9837069429,"15":0.9838169121,"16":0.9834834771,"17":0.9839290224,"18":0.9843782684,"19":0.9839283883,"20":0.984486739,"21":0.9841519809,"22":0.9844864149,"23":0.9849323616,"24":0.9845990464,"25":0.9853793017,"26":0.9856025535,"27":0.9859389169,"28":0.9857142572,"29":0.9861601075,"30":0.9854905621,"31":0.98593698,"32":0.987386338,"33":0.9874987695,"34":0.9874981498,"35":0.9870513984,"36":0.987162757,"37":0.9869390377,"38":0.9880559658,"39":0.9879446421,"40":0.9881673144,"41":0.9880547605,"42":0.9887251358,"43":0.9880548612,"44":0.9887248348,"45":0.9886135263,"46":0.9888362428,"47":0.9891706182,"48":0.9897292639,"49":0.9888361026,"50":0.9890596583,"51":0.9891705421,"52":0.9878316578,"53":0.9897272392,"54":0.9891722966,"55":0.9891693981,"56":0.9892822381,"57":0.9887226886,"58":0.9890592476,"59":0.9897287157,"60":0.9887259184},"time":{"0":0.0715350866,"1":0.0528584242,"2":0.0571773291,"3":0.0586512327,"4":0.0577489376,"5":0.057790494,"6":0.0590862036,"7":0.0542525291,"8":0.053257513,"9":0.063133955,"10":0.0594707012,"11":0.054654336,"12":0.0590422153,"13":0.0650352716,"14":0.0639945984,"15":0.0587858915,"16":0.0653355837,"17":0.0660265446,"18":0.0677180767,"19":0.0601325274,"20":0.0629028559,"21":0.0593380451,"22":0.0633306742,"23":0.0667452574,"24":0.0667173147,"25":0.0629558325,"26":0.0649357557,"27":0.0630269289,"28":0.0694081545,"29":0.0659293652,"30":0.0599369049,"31":0.0611397505,"32":0.0711137295,"33":0.0681175232,"34":0.066032815,"35":0.0715109825,"36":0.0590451002,"37":0.0639282703,"38":0.0661175489,"39":0.0592442989,"40":0.0684396029,"41":0.072230649,"42":0.0696017027,"43":0.0645247936,"44":0.0785350084,"45":0.0814763546,"46":0.0675184727,"47":0.0710129261,"48":0.0673165321,"49":0.0688102722,"50":0.0650262594,"51":0.0671144485,"52":0.0707187176,"53":0.0752010107,"54":0.081778574,"55":0.070311594,"56":0.0675908327,"57":0.0685701609,"58":0.0677141428,"59":0.0650291681,"60":0.072206831}}