{"Accuracy":{"0":0.7788945085,"1":0.7796709149,"2":0.7946046336,"3":0.7944936475,"4":0.7936027789,"5":0.8139979094,"6":0.8182320181,"7":0.8167836118,"8":0.8304936276,"9":0.8297064206,"10":0.8323879648,"11":0.8396290034,"12":0.8399622101,"13":0.8417494097,"14":0.8537859432,"15":0.855010391,"16":0.8524443021,"17":0.8527830953,"18":0.8544524808,"19":0.8542254186,"20":0.8577972107,"21":0.8590220309,"22":0.8670456831,"23":0.8662650558,"24":0.8769644174,"25":0.8749571077,"26":0.8787471478,"27":0.8718388193,"28":0.8717274608,"29":0.880419761,"30":0.8758488453,"31":0.8805301264,"32":0.8874390756,"33":0.8847648559,"34":0.8829827462,"35":0.8829843601,"36":0.8838765943,"37":0.8850998006,"38":0.8873298275,"39":0.8819774154,"40":0.8744011839,"41":0.8872167308,"42":0.8839849734,"43":0.8790819684,"44":0.8882216892,"45":0.8837631253,"46":0.8767368586,"47":0.8871032618,"48":0.8869952552,"49":0.8811990227,"50":0.8894477509,"51":0.8905607159,"52":0.8783020859,"53":0.8904483641,"54":0.8865496967,"55":0.8796385129,"56":0.8898918196,"57":0.883986339,"58":0.8771876311,"59":0.8931212182,"60":0.8864383381},"Precision":{"0":0.767602569,"1":0.7687647189,"2":0.7784254379,"3":0.7781416824,"4":0.7775039246,"5":0.8020296174,"6":0.806269029,"7":0.8058031834,"8":0.8203954534,"9":0.8206308575,"10":0.8243609348,"11":0.8322393351,"12":0.8324098599,"13":0.8336589359,"14":0.8444421165,"15":0.8474826666,"16":0.845434784,"17":0.8454621862,"18":0.8473696235,"19":0.8458370797,"20":0.8524886557,"21":0.8551588571,"22":0.8665383417,"23":0.8625778844,"24":0.8753931001,"25":0.8722176615,"26":0.8760744075,"27":0.865190734,"28":0.8696616811,"29":0.8762890927,"30":0.8740079395,"31":0.8759851229,"32":0.8852765093,"33":0.8865686582,"34":0.8798556823,"35":0.8833597386,"36":0.8832879686,"37":0.8824174813,"38":0.8902402283,"39":0.8803850491,"40":0.8698613582,"41":0.8881145095,"42":0.8859404407,"43":0.8768445308,"44":0.8876594991,"45":0.8855739941,"46":0.8773285354,"47":0.8888251151,"48":0.8868275075,"49":0.8835299741,"50":0.8912607284,"51":0.8930401681,"52":0.8781437184,"53":0.8956822231,"54":0.8898041046,"55":0.8804405865,"56":0.8911624586,"57":0.8858183379,"58":0.879890567,"59":0.8957527965,"60":0.8866941337},"Recall":{"0":0.8293617021,"1":0.8291489362,"2":0.85,"3":0.85,"4":0.8493617021,"5":0.8568085106,"6":0.8604255319,"7":0.8570212766,"8":0.8661702128,"9":0.8640425532,"10":0.8644680851,"11":0.8691489362,"12":0.870212766,"13":0.8721276596,"14":0.8838297872,"15":0.8823404255,"16":0.8791489362,"17":0.88,"18":0.8810638298,"19":0.8825531915,"20":0.8810638298,"21":0.8804255319,"22":0.8821276596,"23":0.8861702128,"24":0.8925531915,"25":0.8921276596,"26":0.8953191489,"27":0.895106383,"28":0.8885106383,"29":0.8987234043,"30":0.8919148936,"31":0.8993617021,"32":0.9023404255,"33":0.8946808511,"34":0.8995744681,"35":0.894893617,"36":0.8968085106,"37":0.9006382979,"38":0.8955319149,"39":0.8965957447,"40":0.8942553191,"41":0.8978723404,"42":0.8936170213,"43":0.895106383,"44":0.9006382979,"45":0.8938297872,"46":0.8891489362,"47":0.8968085106,"48":0.8991489362,"49":0.8906382979,"50":0.8987234043,"51":0.8989361702,"52":0.8914893617,"53":0.8953191489,"54":0.8944680851,"55":0.8914893617,"56":0.899787234,"57":0.8940425532,"58":0.8865957447,"59":0.9010638298,"60":0.8980851064},"F1":{"0":0.7770269384,"1":0.7778539894,"2":0.7926754546,"3":0.7925701946,"4":0.7916243425,"5":0.8126326061,"6":0.8168791348,"7":0.8155270342,"8":0.8294635851,"9":0.8286996595,"10":0.8314510875,"11":0.8388053492,"12":0.8390795137,"13":0.8409050001,"14":0.8530063667,"15":0.8542760217,"16":0.8517330948,"17":0.8520576401,"18":0.853742656,"19":0.8534973342,"20":0.8571794172,"21":0.8584173873,"22":0.8666020772,"23":0.8657230491,"24":0.8765180207,"25":0.8744976751,"26":0.8783083817,"27":0.8712559783,"28":0.871252155,"29":0.8799615049,"30":0.8753921706,"31":0.8800648882,"32":0.8870378575,"33":0.884431488,"34":0.882556453,"35":0.8826219809,"36":0.8835136283,"37":0.8847048148,"38":0.8870225635,"39":0.8815811352,"40":0.8738919252,"41":0.8868878006,"42":0.8836642682,"43":0.8786467869,"44":0.8878747121,"45":0.8834221954,"46":0.8763540372,"47":0.8867809643,"48":0.8866414925,"49":0.880874514,"50":0.8891346477,"51":0.8902606353,"52":0.8779138144,"53":0.8901872423,"54":0.8862423156,"55":0.8792632929,"56":0.8895773672,"57":0.8836456707,"58":0.8768533893,"59":0.8928295954,"60":0.8860913979},"time":{"0":0.012646246,"1":0.0151466846,"2":0.0129477978,"3":0.0135461807,"4":0.0152423143,"5":0.0174325705,"6":0.0213217497,"7":0.0164354324,"8":0.0187237263,"9":0.0170290709,"10":0.018725872,"11":0.0190217972,"12":0.0181271791,"13":0.020325613,"14":0.0221251249,"15":0.0212225199,"16":0.0585373878,"17":0.022323513,"18":0.0224191904,"19":0.0253103971,"20":0.0244163275,"21":0.0255159616,"22":0.029902339,"23":0.0272099972,"24":0.0462599516,"25":0.0298138857,"26":0.032989192,"27":0.0310964823,"28":0.0335000277,"29":0.0321900368,"30":0.0351939678,"31":0.0471687794,"32":0.0365855932,"33":0.0364808321,"34":0.0399950504,"35":0.0380901814,"36":0.0391783476,"37":0.0416763783,"38":0.0439698458,"39":0.0420801163,"40":0.0441112995,"41":0.0431832314,"42":0.0436746597,"43":0.0594324827,"44":0.2382863283,"45":0.0500547409,"46":0.0475762844,"47":0.0472601414,"48":0.049069953,"49":0.066211772,"50":0.0502531767,"51":0.0570307255,"52":0.0530170441,"53":0.0535552979,"54":0.0544507742,"55":0.0510627031,"56":0.0574455023,"57":0.0538418055,"58":0.0555473328,"59":0.0596369982,"60":0.0603242397}}