{"Accuracy":{"0":0.7847993683,"1":0.7835699548,"2":0.796944281,"3":0.7963919574,"4":0.798280708,"5":0.8172283012,"6":0.818009301,"7":0.8201271002,"8":0.8322736268,"9":0.8331646195,"10":0.8307162206,"11":0.8420816232,"12":0.8438646019,"13":0.8439752156,"14":0.852893709,"15":0.856011625,"16":0.8557903976,"17":0.8551202598,"18":0.8542292671,"19":0.8567916316,"20":0.8601364856,"21":0.8618073608,"22":0.8634792292,"23":0.8619218231,"24":0.8756284869,"25":0.8761835418,"26":0.8741766045,"27":0.873400074,"28":0.8706136267,"29":0.8789687476,"30":0.876519728,"31":0.8795272785,"32":0.8871056206,"33":0.8862135105,"34":0.8823131051,"35":0.8855426279,"36":0.8856548555,"37":0.8826471808,"38":0.8872169791,"39":0.8837634977,"40":0.8750704526,"41":0.886438214,"42":0.8863261105,"43":0.8780781273,"44":0.8872174757,"45":0.8833173186,"46":0.8767407071,"47":0.8876614203,"48":0.8849876972,"49":0.8783008444,"50":0.8877736479,"51":0.8916775294,"52":0.8791953133,"53":0.8905639437,"54":0.8844316492,"55":0.8777456655,"56":0.889887971,"57":0.8820912569,"58":0.8779671412,"59":0.8903360124,"60":0.8858784416},"Precision":{"0":0.7805268223,"1":0.7797200728,"2":0.7904055854,"3":0.7901395627,"4":0.7909177293,"5":0.8120572434,"6":0.81354077,"7":0.8172925855,"8":0.8307947129,"9":0.8302033193,"10":0.8284265397,"11":0.8401533843,"12":0.8416127862,"13":0.842362313,"14":0.8502884692,"15":0.8542869071,"16":0.8542443829,"17":0.8534587309,"18":0.8530942812,"19":0.8552031156,"20":0.8604658878,"21":0.8632173384,"22":0.8650758637,"23":0.861923768,"24":0.8794511988,"25":0.8793352566,"26":0.8766716807,"27":0.8746331187,"28":0.8732100527,"29":0.8806896058,"30":0.8797415469,"31":0.8813771406,"32":0.889070624,"33":0.8927242124,"34":0.8862044319,"35":0.8907066532,"36":0.8908989228,"37":0.8859252272,"38":0.8929926482,"39":0.8888416126,"40":0.8792268645,"41":0.8912929293,"42":0.8944280465,"43":0.8814063494,"44":0.8918122654,"45":0.8884027758,"46":0.8809293971,"47":0.8936118515,"48":0.887823446,"49":0.8850660826,"50":0.8922038209,"51":0.8981533456,"52":0.8848234303,"53":0.8978842659,"54":0.8892369218,"55":0.8854638461,"56":0.8948823007,"57":0.8876648722,"58":0.8837119835,"59":0.8966383116,"60":0.8903174994},"Recall":{"0":0.8204255319,"1":0.8185106383,"2":0.8336170213,"3":0.8327659574,"4":0.8361702128,"5":0.8474468085,"6":0.8468085106,"7":0.8459574468,"8":0.8538297872,"9":0.8568085106,"10":0.8538297872,"11":0.8627659574,"12":0.8646808511,"13":0.8642553191,"14":0.8734042553,"15":0.8744680851,"16":0.8742553191,"17":0.8738297872,"18":0.8719148936,"19":0.874893617,"20":0.874893617,"21":0.874893617,"22":0.8763829787,"23":0.8772340426,"24":0.8838297872,"25":0.8853191489,"26":0.8844680851,"27":0.8855319149,"28":0.8810638298,"29":0.8895744681,"30":0.8855319149,"31":0.89,"32":0.8963829787,"33":0.89,"34":0.889787234,"35":0.8908510638,"36":0.8910638298,"37":0.8908510638,"38":0.8917021277,"39":0.8893617021,"40":0.8834042553,"41":0.8921276596,"42":0.8878723404,"43":0.8865957447,"44":0.8931914894,"45":0.8893617021,"46":0.8844680851,"47":0.8917021277,"48":0.8936170213,"49":0.8825531915,"50":0.8942553191,"51":0.894893617,"52":0.8846808511,"53":0.8927659574,"54":0.8904255319,"55":0.8808510638,"56":0.894893617,"57":0.8874468085,"58":0.8838297872,"59":0.8938297872,"60":0.8921276596},"F1":{"0":0.783513912,"1":0.7823140068,"2":0.7957206369,"3":0.7951647194,"4":0.7970113378,"5":0.816279732,"6":0.8171147209,"7":0.8193077992,"8":0.8316077407,"9":0.8324579061,"10":0.8300069618,"11":0.8414658105,"12":0.8432515036,"13":0.843347471,"14":0.8522810173,"15":0.8554716447,"16":0.8552300307,"17":0.8545519693,"18":0.8537101421,"19":0.8562595505,"20":0.8596821608,"21":0.8613839724,"22":0.8630465125,"23":0.8614433746,"24":0.8752998694,"25":0.8758405124,"26":0.8738065254,"27":0.8730039259,"28":0.8702449608,"29":0.8786175648,"30":0.8761801166,"31":0.8791732273,"32":0.8867933192,"33":0.8859526103,"34":0.8820039242,"35":0.8852771655,"36":0.8853765741,"37":0.8823326382,"38":0.8869564806,"39":0.8834924047,"40":0.8747080023,"41":0.8861639351,"42":0.8861001525,"43":0.8777571458,"44":0.8869376583,"45":0.8830190286,"46":0.8764136125,"47":0.8874171201,"48":0.8846614082,"49":0.8780193062,"50":0.8874709706,"51":0.8914324134,"52":0.8789069361,"53":0.8903319646,"54":0.8841501355,"55":0.8774731463,"56":0.8896369251,"57":0.881804498,"58":0.8776464475,"59":0.8900914657,"60":0.8855999385},"time":{"0":5.6915598631,"1":4.9529914618,"2":5.6624742985,"3":7.3468957186,"4":6.0355122566,"5":5.5105170488,"6":5.9796844959,"7":5.8490164757,"8":4.9203581095,"9":6.3542337179,"10":5.6105072021,"11":1.0711637259,"12":0.7211622953,"13":0.9633501768,"14":1.0881352663,"15":1.6913522482,"16":0.6005063057,"17":0.9362072706,"18":1.1592904091,"19":2.3479421854,"20":0.5811614037,"21":1.7972966671,"22":2.7770006418,"23":3.7335807562,"24":1.8539805651,"25":2.016983366,"26":8.6856146336,"27":7.3545000076,"28":2.0470473051,"29":2.6538734913,"30":4.2975556135,"31":6.2000204563,"32":11.5689208746,"33":15.735657835,"34":10.5721932411,"35":10.6634013891,"36":20.6874522924,"37":18.0793258905,"38":19.6814379692,"39":19.813263917,"40":18.5269230843,"41":15.5421401024,"42":20.9528688908,"43":15.9048106194,"44":24.8055677891,"45":21.7817424059,"46":21.0687148809,"47":26.2003290415,"48":22.1223632336,"49":26.7572565317,"50":25.6253574848,"51":26.4528225422,"52":27.2804163218,"53":30.6827536821,"54":26.6480669737,"55":26.1220239639,"56":25.5548873186,"57":27.1788827419,"58":27.2723691702,"59":29.1018770695,"60":24.6496464968}}