{"Accuracy":{"0":0.9648951094,"1":0.9648952336,"2":0.9663433916,"3":0.9662309157,"4":0.9679024117,"5":0.9694641629,"6":0.9697993559,"7":0.971136652,"8":0.9730298719,"9":0.9738102509,"10":0.9734756786,"11":0.9723624653,"12":0.9738104992,"13":0.9738100027,"14":0.9729181409,"15":0.9731419754,"16":0.9753700159,"17":0.975593602,"18":0.9748124781,"19":0.9754819952,"20":0.972473079,"21":0.9748135954,"22":0.976038788,"23":0.9767078085,"24":0.9747016161,"25":0.9768184222,"26":0.9772639807,"27":0.9770423808,"28":0.9758159467,"29":0.9777107806,"30":0.9767073119,"31":0.9772654704,"32":0.9749255747,"33":0.9776006634,"34":0.9780449804,"35":0.9762615052,"36":0.9770418842,"37":0.9764847189,"38":0.9768180498,"39":0.9760381673,"40":0.9765975672,"41":0.9772633599,"42":0.9781570839,"43":0.9768194154,"44":0.977934615,"45":0.9781570839,"46":0.9777097874,"47":0.9780448563,"48":0.9759266846,"49":0.9759284226,"50":0.9777116496,"51":0.9761501466,"52":0.9770421325,"53":0.9760406502,"54":0.9750369333,"55":0.9765960775,"56":0.9763732362,"57":0.9747024851,"58":0.9764849672,"59":0.9755942228,"60":0.9763729879},"Precision":{"0":0.9755674749,"1":0.9728469906,"2":0.9762369502,"3":0.9775472196,"4":0.9789663975,"5":0.981539524,"6":0.981780644,"7":0.9828451153,"8":0.9833199063,"9":0.9850315596,"10":0.9835411611,"11":0.9820277157,"12":0.9838810278,"13":0.9827607947,"14":0.981258959,"15":0.9825036338,"16":0.9840249683,"17":0.9840703546,"18":0.9844492521,"19":0.9838111983,"20":0.9818514321,"21":0.9848448875,"22":0.984066538,"23":0.9847140539,"24":0.982990204,"25":0.98533652,"26":0.984725369,"27":0.9836530397,"28":0.9851055548,"29":0.9860212749,"30":0.9860137389,"31":0.9853787459,"32":0.984834386,"33":0.9861836732,"34":0.9872315407,"35":0.9857155529,"36":0.9866046815,"37":0.9851221433,"38":0.9863830799,"39":0.9853332071,"40":0.9859733511,"41":0.9863881932,"42":0.9872635803,"43":0.985965174,"44":0.9864358867,"45":0.9862110674,"46":0.9859786428,"47":0.9847872827,"48":0.9857022658,"49":0.9853060985,"50":0.9874618984,"51":0.9857197294,"52":0.9865755013,"53":0.9848986992,"54":0.9834198761,"55":0.9834739715,"56":0.9842764696,"57":0.9818004243,"58":0.9838440956,"59":0.9840208048,"60":0.9847110495},"Recall":{"0":0.9570212766,"1":0.959787234,"2":0.9591489362,"3":0.9576595745,"4":0.9593617021,"5":0.959787234,"6":0.960212766,"7":0.9617021277,"8":0.964893617,"9":0.9646808511,"10":0.9655319149,"11":0.964893617,"12":0.9659574468,"13":0.9670212766,"14":0.9668085106,"15":0.9659574468,"16":0.9687234043,"17":0.9691489362,"18":0.9672340426,"19":0.9691489362,"20":0.9653191489,"21":0.9668085106,"22":0.97,"23":0.9706382979,"24":0.9685106383,"25":0.970212766,"26":0.9717021277,"27":0.9723404255,"28":0.9685106383,"29":0.9712765957,"30":0.9693617021,"31":0.9710638298,"32":0.9670212766,"33":0.9708510638,"34":0.9706382979,"35":0.9687234043,"36":0.9693617021,"37":0.969787234,"38":0.9691489362,"39":0.9687234043,"40":0.9691489362,"41":0.97,"42":0.9708510638,"43":0.9695744681,"44":0.9712765957,"45":0.9719148936,"46":0.9712765957,"47":0.9731914894,"48":0.9680851064,"49":0.9685106383,"50":0.969787234,"51":0.9685106383,"52":0.9693617021,"53":0.9691489362,"54":0.9687234043,"55":0.9717021277,"56":0.9704255319,"57":0.969787234,"58":0.9710638298,"59":0.9691489362,"60":0.97},"F1":{"0":0.9648441715,"1":0.9648375905,"2":0.966292688,"3":0.9661825352,"4":0.9678576748,"5":0.96942429,"6":0.9697588811,"7":0.9710986092,"8":0.9729917436,"9":0.9737754626,"10":0.9734377709,"11":0.9723221003,"12":0.9737690869,"13":0.9737685712,"14":0.9728740022,"15":0.9731009409,"16":0.9753314164,"17":0.9755550144,"18":0.974774443,"19":0.9754433897,"20":0.972431451,"21":0.9747771841,"22":0.9759997307,"23":0.9766697326,"24":0.9746602788,"25":0.9767822821,"26":0.9772256007,"27":0.9770026851,"28":0.9757794052,"29":0.9776753618,"30":0.9766711714,"31":0.9772280634,"32":0.9748895383,"33":0.9775659693,"34":0.9780122079,"35":0.9762265761,"36":0.9770082626,"37":0.9764485621,"38":0.9767832745,"39":0.9760010323,"40":0.9765625553,"41":0.9772296698,"42":0.9781242241,"43":0.9767841544,"44":0.9778992958,"45":0.9781230341,"46":0.9776754068,"47":0.9780056386,"48":0.9758924131,"49":0.9758934515,"50":0.9776798528,"51":0.9761149489,"52":0.9770084378,"53":0.9760043007,"54":0.9749974904,"55":0.9765561546,"56":0.9763345379,"57":0.9746573392,"58":0.9764457516,"59":0.9755563122,"60":0.976334243},"time":{"0":7.083615756,"1":7.0880873919,"2":6.9798097134,"3":6.9183983088,"4":6.9392528296,"5":8.3347939253,"6":8.339170599,"7":8.3002211332,"8":8.2710532904,"9":8.3127340317,"10":8.3056664944,"11":8.2364446402,"12":8.2532625437,"13":8.2533600092,"14":8.2293531418,"15":8.2694120407,"16":9.6848009825,"17":9.6601028681,"18":9.7132151365,"19":9.6996793747,"20":9.7549112558,"21":9.678218317,"22":9.7102654219,"23":9.7703577042,"24":9.7850425482,"25":9.8633863926,"26":9.8710618019,"27":9.8208775282,"28":9.957393074,"29":11.3422508955,"30":11.4309838533,"31":11.3846052647,"32":11.4079561234,"33":11.3861808062,"34":11.4650264978,"35":11.3570137024,"36":11.4249778748,"37":11.4109550476,"38":11.4851577997,"39":11.5127044916,"40":11.7907344103,"41":11.6444864511,"42":11.792835331,"43":11.8387738705,"44":13.2734756231,"45":13.2591745615,"46":13.377222538,"47":13.226655221,"48":13.3074051619,"49":13.2692869902,"50":13.2598285198,"51":13.1894996405,"52":13.3539315224,"53":13.3210415363,"54":13.492513299,"55":13.6237209082,"56":13.5009352922,"57":13.5731683493,"58":13.6002146244,"59":13.53786695,"60":13.5926821232}}