{"Accuracy":{"0":0.9764845948,"1":0.9783790561,"2":0.9803854968,"3":0.9817241585,"4":0.984509116,"5":0.9855122122,"6":0.9874056804,"7":0.9870719771,"8":0.9882980387,"9":0.9884103905,"10":0.9891897764,"11":0.9894116245,"12":0.9895242245,"13":0.9898578037,"14":0.991196217,"15":0.9908623896,"16":0.9915309135,"17":0.9909726309,"18":0.9911957205,"19":0.9915304169,"20":0.990637562,"21":0.9910848585,"22":0.9918647409,"23":0.9917536306,"24":0.9921981959,"25":0.9915295479,"26":0.9915305411,"27":0.9909722584,"28":0.9924211614,"29":0.9908623896,"30":0.9913069549,"31":0.9903048519,"32":0.9917530099,"33":0.9916415272,"34":0.9910847343,"35":0.9906381827,"36":0.9903046036,"37":0.990415838,"38":0.9906376861,"39":0.9888558248,"40":0.9891891556,"41":0.9894127418,"42":0.9885211283,"43":0.9884101422,"44":0.988074825,"45":0.9886333559,"46":0.9875184046,"47":0.9876297632,"48":0.9874066736,"49":0.9874071702,"50":0.98684926,"51":0.9869612393,"52":0.9859592604,"53":0.9865148118,"54":0.9857348052,"55":0.9848438125,"56":0.9845088677,"57":0.9836184957,"58":0.9830614545,"59":0.9835058957,"60":0.9825030478},"Precision":{"0":0.9793511147,"1":0.981629398,"2":0.9846227751,"3":0.985873882,"4":0.9880250583,"5":0.9876318237,"6":0.9908067439,"7":0.9889268883,"8":0.9918762914,"9":0.9914607718,"10":0.9916986545,"11":0.9918929666,"12":0.9916774692,"13":0.9923279792,"14":0.9933914364,"15":0.9925570509,"16":0.9946534601,"17":0.9931799116,"18":0.9942288586,"19":0.9946556726,"20":0.9938163448,"21":0.9948589008,"22":0.995301071,"23":0.9948744167,"24":0.9955086025,"25":0.9954997881,"26":0.9948779824,"27":0.9946616413,"28":0.9955236135,"29":0.9954961286,"30":0.9952926847,"31":0.9950738428,"32":0.996364604,"33":0.9965704848,"34":0.9957233601,"35":0.9963518481,"36":0.9957254321,"37":0.9961326885,"38":0.9967902435,"39":0.9952778961,"40":0.995699764,"41":0.9959134151,"42":0.9956881943,"43":0.9952640745,"44":0.9954877695,"45":0.9965468493,"46":0.9956937018,"47":0.9965543861,"48":0.9967540152,"49":0.9967555336,"50":0.9967687399,"51":0.997393576,"52":0.9958862057,"53":0.9969726124,"54":0.9961061193,"55":0.996959702,"56":0.9965366661,"57":0.9969600412,"58":0.9965091525,"59":0.9973850935,"60":0.9969416815},"Recall":{"0":0.9757446809,"1":0.9770212766,"2":0.9778723404,"3":0.9791489362,"4":0.9823404255,"5":0.9846808511,"6":0.985106383,"7":0.9863829787,"8":0.9857446809,"9":0.9863829787,"10":0.9876595745,"11":0.9878723404,"12":0.9882978723,"13":0.9882978723,"14":0.989787234,"15":0.99,"16":0.9891489362,"17":0.9895744681,"18":0.9889361702,"19":0.9891489362,"20":0.9882978723,"21":0.9880851064,"22":0.9891489362,"23":0.9893617021,"24":0.9895744681,"25":0.9882978723,"26":0.9889361702,"27":0.9880851064,"28":0.99,"29":0.9870212766,"30":0.9880851064,"31":0.9863829787,"32":0.9878723404,"33":0.9874468085,"34":0.9872340426,"35":0.9857446809,"36":0.9857446809,"37":0.9855319149,"38":0.9853191489,"39":0.9834042553,"40":0.9836170213,"41":0.9838297872,"42":0.9823404255,"43":0.9825531915,"44":0.9817021277,"45":0.9817021277,"46":0.9804255319,"47":0.979787234,"48":0.9791489362,"49":0.9791489362,"50":0.9780851064,"51":0.9776595745,"52":0.9772340426,"53":0.9772340426,"54":0.9765957447,"55":0.9740425532,"56":0.9738297872,"57":0.9717021277,"58":0.9710638298,"59":0.9710638298,"60":0.9695744681},"F1":{"0":0.9764348599,"1":0.9783347603,"2":0.9803469365,"3":0.9816891496,"4":0.984478563,"5":0.9854818271,"6":0.9873806377,"7":0.9870445535,"8":0.9882753714,"9":0.9883876848,"10":0.9891665478,"11":0.9893894793,"12":0.9895023143,"13":0.9898364095,"14":0.9911777251,"15":0.9908425476,"16":0.9915143009,"17":0.9909538416,"18":0.9911781375,"19":0.9915138506,"20":0.9906186191,"21":0.9910679895,"22":0.9918493948,"23":0.9917374059,"24":0.9921829272,"25":0.9915139746,"26":0.9915137886,"27":0.9909544323,"28":0.9924059852,"29":0.9908460886,"30":0.9912903293,"31":0.9902872144,"32":0.9917378436,"33":0.9916270263,"34":0.9910687552,"35":0.9906217094,"36":0.9902868378,"37":0.9903991491,"38":0.9906214728,"39":0.9888368914,"40":0.989170972,"41":0.9893950057,"42":0.9885024329,"43":0.9883910438,"44":0.9880555007,"45":0.9886160869,"46":0.9874988762,"47":0.9876114721,"48":0.9873889288,"49":0.9873888501,"50":0.9868311843,"51":0.9869442214,"52":0.985940452,"53":0.9864973866,"54":0.9857151321,"55":0.9848249461,"56":0.9844888767,"57":0.9836003214,"58":0.9830423123,"59":0.9834876466,"60":0.9824841161},"time":{"0":0.5902801275,"1":0.6032375097,"2":0.5956756353,"3":0.6046360016,"4":0.6078790665,"5":0.618546319,"6":0.6422126293,"7":0.6790563822,"8":0.7026916742,"9":0.7266273499,"10":0.7515641928,"11":0.7972796917,"12":0.6657058477,"13":0.706930995,"14":0.7271397352,"15":0.7712950945,"16":0.7909906149,"17":0.8556023359,"18":0.8750664473,"19":0.9372753859,"20":0.9511901855,"21":1.0172716379,"22":1.0664849281,"23":1.1189463854,"24":1.1491409302,"25":1.2210433722,"26":1.2678871632,"27":1.3286035776,"28":1.1327934265,"29":1.2070625544,"30":1.2387161493,"31":1.311477232,"32":1.3221149921,"33":1.3808314562,"34":1.4459269762,"35":1.4935497761,"36":1.5327230692,"37":2.8068533659,"38":1.6916800976,"39":1.7443921089,"40":1.8107102394,"41":1.9092406034,"42":1.9484108686,"43":2.0265203953,"44":1.7237491608,"45":1.8327501059,"46":1.8723592043,"47":1.9817588329,"48":2.0047697067,"49":2.1220200777,"50":2.1829744816,"51":2.2461935043,"52":2.3461901188,"53":2.9839770317,"54":2.9824994326,"55":3.1104435682,"56":3.151751852,"57":3.2896257639,"58":3.4080026388,"59":3.5071742296,"60":2.9997972012}}