{"Accuracy":{"0":0.9886339767,"1":0.9906394242,"2":0.9899713969,"3":0.9891896522,"4":0.9879637147,"5":0.987963094,"6":0.9897478107,"7":0.9884090249,"8":0.9882981629,"9":0.9864033291,"10":0.9880755699,"11":0.9886322386,"12":0.9855127088,"13":0.9874060528,"14":0.9861801154,"15":0.9864039498,"16":0.9879632182,"17":0.9869607427,"18":0.9875182804,"19":0.986738398,"20":0.9870712322,"21":0.9862925912,"22":0.9891886591,"23":0.986739267,"24":0.990193245,"25":0.9905268241,"26":0.9896350865,"27":0.9901939899,"28":0.990304107,"29":0.9907499137}}