{"Accuracy":{"0":0.8571265763,"1":0.8429769611,"2":0.8436417606,"3":0.8427497747,"4":0.8425275541,"5":0.841523713,"6":0.8405227273,"7":0.8433089263,"8":0.8431963263,"9":0.8440884363,"10":0.8437522501,"11":0.853669743,"12":0.8431935951,"13":0.8444223879,"14":0.8455382083,"15":0.8452041326,"16":0.8437528709,"17":0.8428631196,"18":0.8437564711,"19":0.8444201533,"20":0.8449783118,"21":0.8446428704,"22":0.8535619846,"23":0.8446457258,"24":0.8542323707,"25":0.8547880463,"26":0.8576859763,"27":0.8526703712,"28":0.8474296902,"29":0.845539698}}