{"Accuracy":{"0":0.8543439776,"1":0.8414118579,"2":0.8401867894,"3":0.8409662994,"4":0.842973485,"5":0.8425280507,"6":0.8419721268,"7":0.8423052094,"8":0.8428638645,"9":0.8438659675,"10":0.8437546089,"11":0.8547859358,"12":0.8444222638,"13":0.845536222,"14":0.846206608,"15":0.8437560987,"16":0.8460909044,"17":0.8454261048,"18":0.8445361053,"19":0.8455380841,"20":0.8460953736,"21":0.8448667049,"22":0.8540085362,"23":0.8440869466,"24":0.8551231152,"25":0.8530055642,"26":0.8575723831,"27":0.8533369087,"28":0.8502152684,"29":0.8472088352}}