{"Accuracy":{"0":0.976038788,"1":0.978714125,"2":0.9773757117,"3":0.9768194154,"4":0.9765959534,"5":0.9763737328,"6":0.9771541118,"7":0.9762617535,"8":0.9763742294,"9":0.9755933537,"10":0.9734766718,"11":0.9789352283,"12":0.9738103751,"13":0.9736992648,"14":0.9739214854,"15":0.9749250781,"16":0.9739226027,"17":0.9754798847,"18":0.9748133471,"19":0.9740313542,"20":0.9750360643,"21":0.9738112441,"22":0.979269304,"23":0.9738095061,"24":0.9797159798,"25":0.980608214,"26":0.980608214,"27":0.9802726485,"28":0.9794935109,"29":0.9802745107}}