{"Accuracy":{"0":0.989076928,"1":0.9848431917,"2":0.9854012261,"3":0.985287757,"4":0.9868491358,"5":0.9861806119,"6":0.9866264187,"7":0.9876291424,"8":0.9877411217,"9":0.9881875492,"10":0.9872941977,"11":0.9881871768,"12":0.9877408734,"13":0.9884101422,"14":0.9887444662,"15":0.9887443421,"16":0.9890782936,"17":0.9890787902,"18":0.9891899005,"19":0.9890781695,"20":0.9891901488,"21":0.9904159621,"22":0.9871832115,"23":0.9891891556,"24":0.9843976333,"25":0.9826142822,"26":0.9822802065,"27":0.980719945,"28":0.9821673582,"29":0.9847322056}}